{"name":"062afb65-1f9d-4830-b3af-ed160b4ab7e2","id":"/providers/Microsoft.Flow/flows/062afb65-1f9d-4830-b3af-ed160b4ab7e2","type":"Microsoft.Flow/flows","properties":{"apiId":"/providers/Microsoft.PowerApps/apis/shared_logicflows","displayName":"Export BIM 360 Projects to OneDrive","definition":{"metadata":{"workflowEntityId":null,"flowclientsuspensionreason":"None","flowclientsuspensiontime":null,"creator":{"id":"0a51dd90-3f1d-489d-a9c7-7608d510e9b9","type":"User","tenantId":"5126c946-6432-4a5c-9af1-705e9d501b8a"},"provisioningMethod":"FromDefinition","failureAlertSubscription":true,"clientLastModifiedTime":"2020-09-30T05:36:55.7620572Z"},"$schema":"https://schema.management.azure.com/providers/Microsoft.Logic/schemas/2016-06-01/workflowdefinition.json#","contentVersion":"1.0.0.0","parameters":{"$connections":{"defaultValue":{},"type":"Object"},"$authentication":{"defaultValue":{},"type":"SecureObject"}},"triggers":{"manual":{"type":"Request","kind":"Button","inputs":{"schema":{"type":"object","properties":{"text":{"title":"Client ID","type":"string","x-ms-dynamically-added":true,"description":"Forge Client ID","x-ms-content-hint":"TEXT"},"text_1":{"title":"Client Secret","type":"string","x-ms-dynamically-added":true,"description":"Forge Client Secret","x-ms-content-hint":"TEXT"},"text_2":{"title":"Account ID","type":"string","x-ms-dynamically-added":true,"description":"BIM 360 Account","x-ms-content-hint":"TEXT"}},"required":["text","text_1","text_2"]}}}},"actions":{"2_Legged_Authentication":{"runAfter":{},"type":"Http","inputs":{"method":"POST","uri":"https://developer.api.autodesk.com/authentication/v1/authenticate","headers":{"Content-Type":"application/x-www-form-urlencoded"},"body":"client_id=@{triggerBody()['text']}&client_secret=@{triggerBody()['text_1']}&grant_type=client_credentials&scope=account:read"}},"Get_first_100_Projects":{"runAfter":{"2_Legged_Authentication":["Succeeded"]},"type":"Http","inputs":{"method":"GET","uri":"https://developer.api.autodesk.com/hq/v1/accounts/@{triggerBody()['text_2']}/projects","headers":{"Authorization":"Bearer @{body('2_Legged_Authentication')?['access_token']}"},"queries":{"limit":"100"}}},"Create_CSV_table":{"runAfter":{"Condition":["Succeeded"]},"type":"Table","inputs":{"from":"@variables('Project List')","format":"CSV"}},"Save_to_OneDrive":{"runAfter":{"Create_CSV_table":["Succeeded"]},"type":"OpenApiConnection","inputs":{"host":{"apiId":"/providers/Microsoft.PowerApps/apis/shared_onedriveforbusiness","connectionName":"shared_onedriveforbusiness","operationId":"CreateFile"},"parameters":{"folderPath":"/","name":" @{convertFromUtc(utcNow(),'Central Standard Time','yyyy.MM.dd_hh_mm')} BIM 360 Projects.CSV","body":"@body('Create_CSV_table')"},"authentication":{"value":"@json(decodeBase64(triggerOutputs().headers['X-MS-APIM-Tokens']))['$ConnectionKey']","type":"Raw"}},"runtimeConfiguration":{"contentTransfer":{"transferMode":"Chunked"}}},"Project_List_variable":{"runAfter":{"Get_first_100_Projects":["Succeeded"]},"type":"InitializeVariable","inputs":{"variables":[{"name":"Project List","type":"array","value":"@body('Get_first_100_Projects')"}]}},"Condition":{"actions":{"Do_until":{"actions":{"Get_next_100_Projects":{"runAfter":{},"type":"Http","inputs":{"method":"GET","uri":"https://developer.api.autodesk.com/hq/v1/accounts/@{triggerBody()['text_2']}/projects","headers":{"Authorization":"Bearer @{body('2_Legged_Authentication')?['access_token']}"},"queries":{"limit":"100","offset":"100"}}},"Union":{"runAfter":{"Get_next_100_Projects":["Succeeded"]},"type":"Compose","inputs":"@union(variables('Project List'),body('Get_next_100_Projects'))"},"Set_Project_List_variable":{"runAfter":{"Union":["Succeeded"]},"type":"SetVariable","inputs":{"name":"Project List","value":"@outputs('Union')"}}},"runAfter":{},"expression":"@less(length(body('Get_next_100_Projects')), 100)","limit":{"count":60,"timeout":"PT1H"},"type":"Until"}},"runAfter":{"Project_List_variable":["Succeeded"]},"expression":{"equals":["@length(variables('Project List'))",100]},"type":"If"}}},"connectionReferences":{"shared_onedriveforbusiness":{"connectionName":"6881ea4baa70436eb40ab7256262798c","source":"Invoker","id":"/providers/Microsoft.PowerApps/apis/shared_onedriveforbusiness","tier":"NotSpecified"}},"flowFailureAlertSubscribed":false}}